position,col,beta,ci_lo,ci_hi,pval,n_mismatch,r2,qval,sig_fdr05
135,pos_135,-0.019700529980571486,-0.022559541456868015,-0.01684151850427496,4.143678254328666e-38,277,0.16718750514343528,2.9005747780300662e-36,True
151,pos_151,-0.031075791538150224,-0.03656564207858879,-0.025585940997711658,5.585591067958007e-27,155,0.11931051749005206,1.9549568737853025e-25,True
204,pos_204,-0.015061385488235482,-0.0179755642445686,-0.012147206731902364,5.593768984528695e-23,310,0.10147523941410685,1.3052127630566956e-21,True
53,pos_53,-0.01502078556700057,-0.017970399105668868,-0.012071172028332272,2.1834315193518748e-22,182,0.09881063232523224,3.821005158865781e-21,True
200,pos_200,-0.01992232669775003,-0.02385202464135193,-0.015992628754148128,3.2762797932523864e-22,309,0.09801522592693668,4.5867917105533414e-21,True
140,pos_140,-0.007839123050186006,-0.009427504630805423,-0.006250741469566589,3.488949456880081e-21,181,0.09336621246589183,4.0704410330267615e-20,True
90,pos_90,-0.021441205570113968,-0.026209959885716453,-0.016672451254511483,5.551101510657263e-18,137,0.07874131487234148,5.551101510657263e-17,True
281,pos_281,-0.01805420404910562,-0.022097492309001904,-0.014010915789209334,9.140105154325563e-18,144,0.07774473531990878,7.997592010034868e-17,True
203,pos_203,-0.043747759449139036,-0.05384060399167108,-0.03365491490660699,7.272453759035849e-17,136,0.07359022872717269,5.65635292369455e-16,True
46,pos_46,-0.02387086962683385,-0.029430578092423693,-0.01831116116124401,1.3790738271228014e-16,220,0.07230529217236226,9.65351678985961e-16,True
64,pos_64,-0.014572354790973975,-0.018038432500486704,-0.011106277081461245,5.461283779437405e-16,122,0.06953679181489791,3.4753624050965306e-15,True
176,pos_176,-0.015496393353266481,-0.01920013224829891,-0.011792654458234051,7.442180551189063e-16,248,0.06891332622800173,4.341271988193621e-15,True
137,pos_137,-0.01940068170831905,-0.024059910144651076,-0.014741453271987021,1.009348837882497e-15,176,0.06829911029300528,5.434955280905753e-15,True
145,pos_145,-0.01351700943942987,-0.016821323423528125,-0.010212695455331612,3.0373464369767026e-15,118,0.06607585389223924,1.518673218488351e-14,True
262,pos_262,-0.010295471946679792,-0.012859338764258554,-0.007731605129101031,9.246324456252367e-15,215,0.06382505152961737,4.314951412917772e-14,True
196,pos_196,-0.00970958158895529,-0.012160199169764487,-0.007258964008146091,2.021954531552164e-14,257,0.0622406214361364,8.846051075540719e-14,True
199,pos_199,-0.012163060909737474,-0.0153011823559255,-0.009024939463549448,6.998662692709207e-14,359,0.05972209876735801,2.881802285233203e-13,True
232,pos_232,-0.01040639748298386,-0.013180905450994047,-0.007631889514973674,4.0762196586237146e-13,260,0.056139585593434016,1.5851965339092225e-12,True
104,pos_104,-0.011390295449193427,-0.014512785721019572,-0.008267805177367282,1.671621345812717e-12,218,0.053263473673033634,6.158604958257379e-12,True
283,pos_283,-0.018958312007784583,-0.024278297482461887,-0.013638326533107278,5.17486791917469e-12,106,0.05095622508960507,1.8112037717111416e-11,True
81,pos_81,-0.032811473235875854,-0.04213566732974439,-0.023487279142007315,9.332992088129328e-12,173,0.049750675628101204,3.1109973627097765e-11,True
219,pos_219,-0.03495955753821865,-0.04505060741537814,-0.024868507661059164,1.901943773713704e-11,212,0.04829414197399018,6.051639279998149e-11,True
156,pos_156,-0.030476296314832247,-0.03934888040028406,-0.021603712229380432,2.7849691438258886e-11,330,0.04751334325284284,8.475993046426618e-11,True
92,pos_92,-0.011479609914345698,-0.014881148412155643,-0.008078071416535753,5.996199322458623e-11,259,0.045942093153571784,1.7488914690504316e-10,True
287,pos_287,-0.017721751101902994,-0.023186517986127524,-0.012256984217678464,3.101242865953942e-10,131,0.04257055636381968,8.040259282104113e-10,True
215,pos_215,-0.015115611233976006,-0.019776735929343977,-0.010454486538608036,3.101242865954267e-10,131,0.04257055636381968,8.040259282104113e-10,True
131,pos_131,-0.009344196035548792,-0.012225618574503537,-0.006462773496594047,3.101242865954444e-10,131,0.04257055636381968,8.040259282104113e-10,True
277,pos_277,-0.01226574978595984,-0.016200186555762858,-0.008331313016156822,1.4020936650540889e-09,216,0.03946995039822332,3.505234162635222e-09,True
163,pos_163,-0.008901245730217477,-0.011794170444185712,-0.006008321016249242,2.260985505163816e-09,194,0.038487083585608595,5.457551219360935e-09,True
143,pos_143,-0.013849347740421562,-0.018907110697776165,-0.00879158478306696,9.786190293806386e-08,161,0.030727014732888525,2.0148038840197842e-07,True
320,pos_320,-0.013849347740421562,-0.018907110697776165,-0.00879158478306696,9.786190293806386e-08,161,0.030727014732888525,2.0148038840197842e-07,True
193,pos_193,-0.010854894174924938,-0.014819086763121792,-0.006890701586728084,9.786190293808484e-08,161,0.030727014732888747,2.0148038840197842e-07,True
201,pos_201,-0.1606524337888883,-0.21932248409420177,-0.10198238348357483,9.786190293809972e-08,161,0.030727014732888525,2.0148038840197842e-07,True
79,pos_79,-0.005539739096168558,-0.007562844279110402,-0.0035166339132267125,9.786190293810381e-08,161,0.030727014732888414,2.0148038840197842e-07,True
4,pos_4,-0.006253216919489847,-0.008578297042166914,-0.003928136796812779,1.6309310898376554e-07,226,0.029674350114519132,3.261862179675311e-07,True
149,pos_149,-0.008965345740522266,-0.01243096216819731,-0.005499729312847222,4.647947077190252e-07,125,0.027516174018902606,8.202770692044203e-07,True
217,pos_217,-0.01832048912193665,-0.025402400952403034,-0.011238577291470268,4.64794707719106e-07,125,0.027516174018902495,8.202770692044203e-07,True
84,pos_84,-0.015048973207305043,-0.020866257925188147,-0.009231688489421939,4.64794707719167e-07,125,0.027516174018902606,8.202770692044203e-07,True
95,pos_95,-0.01146246609916472,-0.015894800514178836,-0.007030131684150605,4.687297538309436e-07,123,0.0274988033650585,8.202770692044203e-07,True
67,pos_67,-0.029249051425454455,-0.04055914613962841,-0.0179389567112805,4.687297538310973e-07,123,0.02749880336505839,8.202770692044203e-07,True
167,pos_167,-0.005712616245859573,-0.007945026391050979,-0.0034802061006681674,6.148298088085341e-07,127,0.026939801882834957,1.049709429673107e-06,True
9,pos_9,-0.0037127589802422823,-0.005214281092142807,-0.0022112368683417575,1.4317807249225095e-06,216,0.025198732603067153,2.3863012082041824e-06,True
6,pos_6,-0.005858957705325721,-0.008257029701855626,-0.003460885708795816,1.8998695903820752e-06,214,0.02461638685045342,3.092810961087099e-06,True
57,pos_57,-0.009605779632350453,-0.013636214283996246,-0.005575344980704661,3.3448458165026017e-06,85,0.023452408294751592,5.32134561716323e-06,True
94,pos_94,-0.013597991324630562,-0.019433675704972318,-0.007762306944288808,5.4699130994256825e-06,40,0.02244096284218744,8.508753710217728e-06,True
45,pos_45,-0.02487729705267901,-0.038326429012008376,-0.011428165093349645,0.0002989432815038724,144,0.0142597828729647,0.0004549136892450232,True
284,pos_284,-0.009217360289069425,-0.014846723849243234,-0.003587996728895616,0.0013575407851347092,138,0.0112080999433668,0.00202186925445595,True
225,pos_225,0.010761840746401559,0.003065177455152053,0.018458504037651063,0.006185841174259118,38,0.008198332790201546,0.00902101837912788,True
5,pos_5,-0.002508768296870252,-0.004331390532836498,-0.0006861460609040057,0.007033012345381925,213,0.007946854803567716,0.01004716049340275,True
268,pos_268,-0.011603138582785392,-0.02011078594587934,-0.0030954912196914427,0.007569856048988245,84,0.007803015389338808,0.010597798468583542,True
305,pos_305,-0.018806942585642705,-0.032844679463882774,-0.004769205707402637,0.00869928004265543,77,0.00753167238625585,0.011940188293840786,True
99,pos_99,-0.009276756410691448,-0.016338454019390332,-0.0022150588019925633,0.010088367027043238,76,0.007243515075656792,0.013580494074865897,True
66,pos_66,-0.0118211026184717,-0.020890369388659125,-0.0027518358482842755,0.010686476462543712,73,0.007131745049124283,0.01411421419581245,True
282,pos_282,-0.06456744252446198,-0.12200224875548038,-0.007132636293443566,0.027612122627750802,37,0.005314899102600412,0.03579349229523252,True
226,pos_226,-0.006781966660594926,-0.012877522786067075,-0.0006864105351227787,0.02924810607709847,115,0.005206550817568156,0.03722486227994351,True
138,pos_138,-0.004865629595260845,-0.009293595209855905,-0.0004376639806657843,0.03130153344851239,237,0.005079146108430521,0.03912691681064049,True
263,pos_263,-0.004959841371070444,-0.009851310960807847,-6.837178133304103e-05,0.04688905422300359,103,0.004328183199600155,0.05758304904579388,False
234,pos_234,-0.003270194105669991,-0.006514944548810849,-2.5443662529132677e-05,0.04823408381244901,118,0.004276179444426598,0.05821354942881776,False
3,pos_3,-0.0015087666181525204,-0.0032358321340302384,0.00021829889772519736,0.08677615657105438,95,0.0032163254477804992,0.09957919606515432,False
2,pos_2,-0.0016383071863776905,-0.003513656105133797,0.00023704173237841606,0.08677615657106305,95,0.0032163254477808323,0.09957919606515432,False
1,pos_1,-0.0016383071863776905,-0.003513656105133797,0.00023704173237841606,0.08677615657106305,95,0.0032163254477808323,0.09957919606515432,False
173,pos_173,-0.00326171728584957,-0.007362916343229605,0.0008394817715304645,0.11890664441554877,88,0.002667126592901692,0.13424943724336152,False
7,pos_7,-0.001409993333172794,-0.003333126242558053,0.000513139576212465,0.15051987613156176,93,0.0022675776455463037,0.16134073881172067,False
10,pos_10,-0.001409993333172794,-0.003333126242558053,0.000513139576212465,0.15051987613156176,93,0.0022675776455463037,0.16134073881172067,False
8,pos_8,-0.0018452932883804862,-0.004362145082542403,0.0006715585057814302,0.15051987613156534,93,0.0022675776455463037,0.16134073881172067,False
288,pos_288,0.0039921370352711105,-0.001474248162031561,0.009458522232573782,0.1521212680224795,150,0.002249907985241828,0.16134073881172067,False
83,pos_83,-0.007465387845641913,-0.019242408186887855,0.004311632495604031,0.213796325694454,150,0.0016960133580409265,0.22336929550166834,False
197,pos_197,-0.0015159388830880117,-0.003983108928272265,0.0009512311620962412,0.22817259009181845,411,0.0015936945812420333,0.23488354862393077,False
78,pos_78,-0.0017071364896211875,-0.007175733097856107,0.0037614601186137316,0.5402556612648178,43,0.0004118493408209467,0.5480854534570615,False
170,pos_170,-0.0019446285232653294,-0.009390893301508494,0.0055016362549778364,0.6084007746321969,82,0.00028827282391474807,0.6084007746321969,False
