dataset,position,position_mature,property,n,n_active_axes,effective_rank,n_distinct_subs,active,marginal_r,marginal_p,partial_r_ridge,partial_p_ridge,marginal_q
VHID,144,144,grantham_c,2751,11,4,21,1,-0.0682,0.0003466592404254044,-0.0003,0.9859085940002976,0.00046503068837554245
VHID,144,144,grantham_p,2751,11,4,21,1,-0.0543,0.004363221455589947,0.0006,0.9737875530576945,0.005332826223498824
VHID,144,144,grantham_v,2751,11,4,21,1,0.0889,2.998288839637234e-06,-0.0013,0.9449796184578054,5.319544715485415e-06
VHID,144,144,hydropathy,2751,11,4,21,1,0.0704,0.00022013329920974632,0.0,0.9992863270336544,0.0003104443963214371
VHID,144,144,charge,2751,11,4,21,1,0.0075,0.6953549946818975,-0.0005,0.9781745492187519,0.6953549946818975
VHID,144,144,helix,2751,11,4,21,1,0.1179,5.565766491130631e-10,0.0001,0.996687343073743,1.177373680816095e-09
VHID,144,144,sheet,2751,11,4,21,1,0.0838,1.0859934414100256e-05,0.0005,0.9811034855724307,1.756754096398571e-05
VHID,144,144,turn,2751,11,4,21,1,-0.0959,4.6856219016491013e-07,0.0003,0.9889111279785863,8.886524296231055e-07
VHID,144,144,aromatic,2751,11,4,21,0,,,,,
VHID,144,144,flexibility,2751,11,4,21,1,-0.1191,3.70461747811343e-10,-0.0019,0.9216963026861457,8.150158451849546e-10
VHID,144,144,hbond_donor,2751,11,4,21,1,-0.0523,0.006105065645761171,-0.0005,0.9798410157075581,0.007299535011236183
VHID,144,144,hbond_acceptor,2751,11,4,21,1,-0.0221,0.246531827014978,0.0,0.9992253808995802,0.25109723121895905
VHID,156,156,grantham_c,2751,12,3,11,1,-0.0861,6.0470732216133165e-06,-0.0002,0.993042650747503,1.0078455369355527e-05
VHID,156,156,grantham_p,2751,12,3,11,1,-0.0453,0.017535086260363444,0.0002,0.991238334285953,0.018910387143529207
VHID,156,156,grantham_v,2751,12,3,11,1,0.088,3.797578182214032e-06,0.0002,0.9920627489751709,6.527087500680367e-06
VHID,156,156,hydropathy,2751,12,3,11,1,-0.0957,4.903676230099439e-07,-0.0002,0.9919393225077137,8.99007308851564e-07
VHID,156,156,charge,2751,12,3,11,1,0.0811,2.0603574514113203e-05,0.0002,0.9907768988846787,3.1477683285450725e-05
VHID,156,156,helix,2751,12,3,11,1,-0.0621,0.0011144635917716185,0.0002,0.9898531786442418,0.0014594166082723575
VHID,156,156,sheet,2751,12,3,11,1,0.047,0.013642355108263846,-0.0004,0.9833257745228001,0.015312847570500237
VHID,156,156,turn,2751,12,3,11,1,0.0731,0.0001241889287966153,-0.0002,0.9927480328592562,0.0001797471337845748
VHID,156,156,aromatic,2751,12,3,11,1,-0.0467,0.014204716961217553,-0.0002,0.9920241568834908,0.01562518865733931
VHID,156,156,flexibility,2751,12,3,11,1,-0.0279,0.14288097531386146,0.0001,0.9967218718493727,0.14827271023136568
VHID,156,156,hbond_donor,2751,12,3,11,1,0.0692,0.0002830715703923736,-0.0002,0.9912841623594535,0.0003892234092895137
VHID,156,156,hbond_acceptor,2751,12,3,11,1,-0.0815,1.8624373947335137e-05,-0.0002,0.9915511349101486,2.9266873345812357e-05
VHID,158,158,grantham_c,2751,11,4,15,1,0.0515,0.006880890463796032,0.0007,0.9708201493545939,0.008052105861888974
VHID,158,158,grantham_p,2751,11,4,15,1,0.14,1.6231104168761287e-13,-0.0007,0.9712027052922537,9.919008103131898e-13
VHID,158,158,grantham_v,2751,11,4,15,1,0.1205,2.2697271942720163e-10,-0.0004,0.982594323764214,5.201458153540038e-10
VHID,158,158,hydropathy,2751,11,4,15,1,-0.1391,2.291341804442365e-13,0.0002,0.9932869180278177,1.2602379924433007e-12
VHID,158,158,charge,2751,11,4,15,1,-0.1638,5.274863224198976e-18,-0.0009,0.9635183813449277,7.252936933273592e-17
VHID,158,158,helix,2751,11,4,15,1,0.1489,4.1367416358942984e-15,-0.0007,0.9711423906910955,3.250296999631235e-14
VHID,158,158,sheet,2751,11,4,15,1,-0.1645,3.770866029338113e-18,0.0007,0.970343411777096,6.913254387119874e-17
VHID,158,158,turn,2751,11,4,15,1,-0.1245,5.6367827761325624e-11,-0.0008,0.9675245071578934,2.5835254390607577e-10
VHID,158,158,aromatic,2751,11,4,15,0,,,,,
VHID,158,158,flexibility,2751,11,4,15,1,-0.1003,1.3511644459227937e-07,0.0008,0.9652900525803039,2.6540730187769167e-07
VHID,158,158,hbond_donor,2751,11,4,15,1,-0.0485,0.010918516292636996,0.0036,0.8493044062787576,0.012510799918646558
VHID,158,158,hbond_acceptor,2751,11,4,15,1,0.1724,8.592557563876942e-20,0.0004,0.9853241309882352,2.362953330066159e-18
VHID,189,189,grantham_c,2751,11,3,13,1,0.1085,1.1807139756681196e-08,0.0001,0.9957362618173338,2.4051580985832065e-08
VHID,189,189,grantham_p,2751,11,3,13,1,-0.1246,5.422871842275195e-11,-0.0002,0.9936044812633803,2.5835254390607577e-10
VHID,189,189,grantham_v,2751,11,3,13,1,-0.1226,1.1120861999770663e-10,-0.0002,0.9920235504433754,4.1799882755157027e-10
VHID,189,189,hydropathy,2751,11,3,13,1,0.1426,5.773161878175217e-14,0.0002,0.9911737442009986,3.969048791245462e-13
VHID,189,189,charge,2751,11,3,13,1,-0.0576,0.0025018306614308893,0.0003,0.9891281124429084,0.0031272883267887317
VHID,189,189,helix,2751,11,3,13,1,-0.1542,4.246910504700174e-16,-0.0002,0.9905539202749377,3.8930012959751596e-15
VHID,189,189,sheet,2751,11,3,13,1,-0.1741,3.615455095603306e-20,-0.0003,0.9890844864883983,1.9885003025818184e-18
VHID,189,189,turn,2751,11,3,13,1,0.1606,2.395429756165344e-17,0.0002,0.9898598228078003,2.634972731781878e-16
VHID,189,189,aromatic,2751,11,3,13,0,,,,,
VHID,189,189,flexibility,2751,11,3,13,1,-0.0323,0.0902389781988614,0.0,0.9989302764097087,0.09544507309494955
VHID,189,189,hbond_donor,2751,11,3,13,1,-0.0773,4.9801010070174586e-05,0.0001,0.9966248225978285,7.402852848269195e-05
VHID,189,189,hbond_acceptor,2751,11,3,13,1,0.0576,0.0025018306614309855,-0.0002,0.9916227567457537,0.0031272883267887317
VHID,289,289,grantham_c,2751,10,1,2,1,0.1213,1.747995097033839e-10,0.0007,0.9711291925328833,4.1799882755157027e-10
VHID,289,289,grantham_p,2751,10,1,2,1,0.1213,1.747995097033839e-10,0.0005,0.97926970195184,4.1799882755157027e-10
VHID,289,289,grantham_v,2751,10,1,2,1,-0.1213,1.747995097033839e-10,-0.0005,0.9798440915889438,4.1799882755157027e-10
VHID,289,289,hydropathy,2751,10,1,2,1,0.1213,1.747995097033839e-10,0.0005,0.9796409225385607,4.1799882755157027e-10
VHID,289,289,charge,2751,10,1,2,0,,,,,
VHID,289,289,helix,2751,10,1,2,1,0.1213,1.747995097033839e-10,0.0005,0.9783143008435403,4.1799882755157027e-10
VHID,289,289,sheet,2751,10,1,2,1,0.1213,1.747995097033839e-10,0.0005,0.978980488307933,4.1799882755157027e-10
VHID,289,289,turn,2751,10,1,2,1,-0.1213,1.747995097033839e-10,-0.0005,0.9796741115918426,4.1799882755157027e-10
VHID,289,289,aromatic,2751,10,1,2,0,,,,,
VHID,289,289,flexibility,2751,10,1,2,1,-0.1213,1.747995097033839e-10,-0.0005,0.9798428345492858,4.1799882755157027e-10
VHID,289,289,hbond_donor,2751,10,1,2,1,0.1213,1.747995097033839e-10,0.0006,0.9734153671274087,4.1799882755157027e-10
VHID,289,289,hbond_acceptor,2751,10,1,2,1,0.1213,1.747995097033839e-10,0.0007,0.971441790489445,4.1799882755157027e-10
Bedford,11,11,grantham_c,7772,11,2,7,1,-0.1246,2.8144905667388383e-28,0.0001,0.9959606786834911,1.1928079068559838e-27
Bedford,11,11,grantham_p,7772,11,2,7,1,-0.1845,1.8726802396591447e-60,-0.0001,0.9957354262064841,1.8518726814407098e-59
Bedford,11,11,grantham_v,7772,11,2,7,1,0.123,1.3937411582687757e-27,-0.0001,0.9959139099516428,5.638316503905502e-27
Bedford,11,11,hydropathy,7772,11,2,7,1,-0.12,2.4359767443257137e-26,0.0001,0.9960879280761968,9.426170880216891e-26
Bedford,11,11,charge,7772,11,2,7,1,0.1655,7.780853443898945e-49,0.0001,0.9958357394420358,4.616639710046707e-48
Bedford,11,11,helix,7772,11,2,7,1,-0.0042,0.7112108191067993,-0.0001,0.9929215139217032,0.7626236494036764
Bedford,11,11,sheet,7772,11,2,7,1,0.1818,9.973706300405375e-59,0.0001,0.995231465792886,8.876598607360784e-58
Bedford,11,11,turn,7772,11,2,7,1,-0.0992,1.803769685730595e-18,0.0001,0.9954916231163005,5.945759334445294e-18
Bedford,11,11,aromatic,7772,11,2,7,0,,,,,
Bedford,11,11,flexibility,7772,11,2,7,1,-0.1905,2.117107916294403e-64,-0.0001,0.9956529356843459,3.140376742503364e-63
Bedford,11,11,hbond_donor,7772,11,2,7,1,0.1895,9.369654904762768e-64,0.0001,0.9950176911153015,1.1912846950341234e-62
Bedford,11,11,hbond_acceptor,7772,11,2,7,1,-0.1655,7.780853443898945e-49,-0.0,0.9966555238113711,4.616639710046707e-48
Bedford,143,133,grantham_c,7808,11,3,13,1,0.0591,1.716138710865786e-07,0.0001,0.9958242239015912,3.249709473767127e-07
Bedford,143,133,grantham_p,7808,11,3,13,1,0.0028,0.8014013206915687,-0.0,0.9987869658965177,0.8204331642853118
Bedford,143,133,grantham_v,7808,11,3,13,1,-0.0579,3.0769816795008997e-07,-0.0001,0.9948373955417044,5.705236864074585e-07
Bedford,143,133,hydropathy,7808,11,3,13,1,0.0117,0.30251946267799146,0.0,0.9986386637654773,0.3589897623778832
Bedford,143,133,charge,7808,11,3,13,1,-0.0307,0.006646435673006069,0.0,0.9999105465662901,0.010025979235551529
Bedford,143,133,helix,7808,11,3,13,1,0.0259,0.02200495488086118,-0.0,0.9986239748303698,0.03158775781284911
Bedford,143,133,sheet,7808,11,3,13,1,-0.0643,1.3175930662108373e-08,-0.0001,0.9955105288758916,2.665131429381012e-08
Bedford,143,133,turn,7808,11,3,13,1,0.0097,0.39386674295340945,0.0,0.9974878754614115,0.461238685827019
Bedford,143,133,aromatic,7808,11,3,13,0,,,,,
Bedford,143,133,flexibility,7808,11,3,13,1,0.0752,2.8957247281986843e-11,0.0001,0.9949991275537209,6.285841483162997e-11
Bedford,143,133,hbond_donor,7808,11,3,13,1,-0.018,0.11093950254085067,0.0,0.9971823925664446,0.14960023827478347
Bedford,143,133,hbond_acceptor,7808,11,3,13,1,0.0414,0.00025709878506850417,0.0,0.9966251176441988,0.00042373688650179387
Bedford,167,157,grantham_c,7762,10,2,4,1,-0.084,1.2667678026765048e-13,-0.0004,0.9714589463790735,3.523197951194029e-13
Bedford,167,157,grantham_p,7762,10,2,4,1,-0.0834,1.8014264705647415e-13,-0.0003,0.979026324272525,4.858392602432181e-13
Bedford,167,157,grantham_v,7762,10,2,4,1,0.0831,2.322666364948971e-13,-0.0003,0.9791094260488703,6.026636858612373e-13
Bedford,167,157,hydropathy,7762,10,2,4,1,0.0828,2.79114431517403e-13,-0.0003,0.978394157974565,6.71383362298618e-13
Bedford,167,157,charge,7762,10,2,4,0,,,,,
Bedford,167,157,helix,7762,10,2,4,1,0.0823,3.8069240399333087e-13,-0.0003,0.9758282895260344,8.687595886001652e-13
Bedford,167,157,sheet,7762,10,2,4,1,0.0825,3.4318258069298053e-13,-0.0003,0.9771324471218913,8.037697284651386e-13
Bedford,167,157,turn,7762,10,2,4,1,-0.0829,2.6037239861946656e-13,0.0003,0.9781055192343954,6.436984299203479e-13
Bedford,167,157,aromatic,7762,10,2,4,0,,,,,
Bedford,167,157,flexibility,7762,10,2,4,1,-0.083,2.370025730914978e-13,0.0003,0.9790365173371003,6.026636858612373e-13
Bedford,167,157,hbond_donor,7762,10,2,4,1,-0.0842,1.0617370341423157e-13,-0.0004,0.9731846235969619,3.048212775441295e-13
Bedford,167,157,hbond_acceptor,7762,10,2,4,1,-0.0842,1.0617370341424736e-13,-0.0004,0.9713719125427316,3.048212775441295e-13
Bedford,168,158,grantham_c,7762,11,5,17,1,-0.0332,0.0034587503821895643,0.0008,0.9468895264058697,0.005400504982717039
Bedford,168,158,grantham_p,7762,11,5,17,1,0.1743,5.23208279290978e-54,-0.0006,0.9601457265445936,3.8804614047414205e-53
Bedford,168,158,grantham_v,7762,11,5,17,1,0.1768,1.6105559435275534e-55,-0.0006,0.9549994485733931,1.3030861724904751e-54
Bedford,168,158,hydropathy,7762,11,5,17,1,-0.1883,7.196805131335654e-63,0.0003,0.9758646691363673,8.006445708610915e-62
Bedford,168,158,charge,7762,11,5,17,1,-0.0047,0.6790497365322177,0.0004,0.9684601819326899,0.7370173969678948
Bedford,168,158,helix,7762,11,5,17,1,0.1541,1.8875481828204104e-42,-0.0007,0.9529465810496418,8.841673066895607e-42
Bedford,168,158,sheet,7762,11,5,17,1,-0.0973,8.63380143401812e-18,0.0008,0.9427848699739875,2.7443154558129025e-17
Bedford,168,158,turn,7762,11,5,17,1,-0.1337,2.6065485785414777e-32,-0.0008,0.9471000976689273,1.1599141174509577e-31
Bedford,168,158,aromatic,7762,11,5,17,0,,,,,
Bedford,168,158,flexibility,7762,11,5,17,1,-0.2217,4.968930093777137e-87,-0.0034,0.7645714401125401,1.4741159278205505e-85
Bedford,168,158,hbond_donor,7762,11,5,17,1,0.0062,0.5848682237123971,-0.0006,0.960596656165147,0.6506658988800418
Bedford,168,158,hbond_acceptor,7762,11,5,17,1,0.0811,8.126596349908823e-13,0.0006,0.9569567320746923,1.808167687854713e-12
Bedford,199,189,grantham_c,7808,12,6,31,1,0.0032,0.780410078503851,-0.0003,0.9818121452322263,0.8204331642853118
Bedford,199,189,grantham_p,7808,12,6,31,1,0.0273,0.015792968834448404,0.0,0.9965551399307992,0.0234262371044318
Bedford,199,189,grantham_v,7808,12,6,31,1,-0.0154,0.17284747060378464,0.0003,0.977615351057158,0.21976321262481188
Bedford,199,189,hydropathy,7808,12,6,31,1,0.0152,0.18041395247504677,0.0001,0.9931130866633405,0.22615270098984738
Bedford,199,189,charge,7808,12,6,31,1,0.0672,2.7285815096295534e-09,-0.0002,0.9890830123808845,5.647529171093727e-09
Bedford,199,189,helix,7808,12,6,31,1,-0.0868,1.5711776308413948e-14,-0.0003,0.9819015732008651,4.8218899705132456e-14
Bedford,199,189,sheet,7808,12,6,31,1,-0.1157,1.0596427355763015e-24,-0.005,0.6586142343456978,3.772328138651633e-24
Bedford,199,189,turn,7808,12,6,31,1,0.1028,8.661326738011056e-20,0.0002,0.98562077830485,2.964838768011477e-19
Bedford,199,189,aromatic,7808,12,6,31,1,-0.0065,0.5682080957587972,0.0004,0.9705889187995633,0.6401331711713032
Bedford,199,189,flexibility,7808,12,6,31,1,-0.0607,8.076726165766953e-08,-0.0002,0.98692930551716,1.5973969527850195e-07
Bedford,199,189,hbond_donor,7808,12,6,31,1,-0.0089,0.4333543795647521,0.0003,0.9813756588456521,0.5008901270293887
Bedford,199,189,hbond_acceptor,7808,12,6,31,1,-0.0672,2.7285815096295534e-09,0.0002,0.9855710398402328,5.647529171093727e-09
Bedford,200,190,grantham_c,7808,11,3,11,1,0.0142,0.2092832889908174,-0.0001,0.9956370301047365,0.255153598906613
Bedford,200,190,grantham_p,7808,11,3,11,1,-0.0167,0.1399580177128628,-0.0001,0.9946216415519501,0.1847082540117611
Bedford,200,190,grantham_v,7808,11,3,11,1,-0.0572,4.196051773586535e-07,-0.0001,0.9942515414961273,7.621400160187788e-07
Bedford,200,190,hydropathy,7808,11,3,11,1,0.0431,0.00013785017498317673,0.0001,0.9919676208309872,0.00023148425610382506
Bedford,200,190,charge,7808,11,3,11,1,-0.0007,0.9486184394185109,-0.0001,0.9905956199687408,0.9486184394185109
Bedford,200,190,helix,7808,11,3,11,1,-0.0598,1.2198198488587135e-07,-0.0,0.9978268343880831,2.3600862293135977e-07
Bedford,200,190,sheet,7808,11,3,11,1,0.0492,1.3876090844062637e-05,0.0001,0.9931895601931473,2.4699441702431492e-05
Bedford,200,190,turn,7808,11,3,11,1,0.0449,7.137442760458198e-05,0.0,0.9967959533872438,0.00012216007801553455
Bedford,200,190,aromatic,7808,11,3,11,0,,,,,
Bedford,200,190,flexibility,7808,11,3,11,1,-0.006,0.5954003156725669,0.0,0.9966200461772537,0.6542052851217093
Bedford,200,190,hbond_donor,7808,11,3,11,1,-0.041,0.00028880753632362345,-0.0001,0.9909902428107159,0.00046734310423277253
Bedford,200,190,hbond_acceptor,7808,11,3,11,1,-0.0185,0.10193499250187318,0.0001,0.9960748386394414,0.1395725281948725
Bedford,203,193,grantham_c,7808,12,7,33,1,-0.0162,0.15172348224454588,0.0087,0.44199423156333867,0.19570130318499396
Bedford,203,193,grantham_p,7808,12,7,33,1,0.0028,0.8019964639642935,0.0034,0.7628152116077689,0.8204331642853118
Bedford,203,193,grantham_v,7808,12,7,33,1,0.0321,0.004573980147540926,0.0036,0.7535909565164217,0.007018693674674868
Bedford,203,193,hydropathy,7808,12,7,33,1,-0.0076,0.5014468682668016,0.0033,0.7723161653353668,0.5721637343044275
Bedford,203,193,charge,7808,12,7,33,1,-0.0025,0.8252879616408653,-0.0021,0.8560485756464051,0.8346662339322387
Bedford,203,193,helix,7808,12,7,33,1,-0.0188,0.0959824565121133,0.0021,0.854742541419808,0.13347560358715757
Bedford,203,193,sheet,7808,12,7,33,1,0.045,6.92459406239278e-05,-0.0028,0.8014856334940871,0.00012084095520646226
Bedford,203,193,turn,7808,12,7,33,1,-0.0031,0.7854366884671827,-0.0028,0.8060529332780593,0.8204331642853118
Bedford,203,193,aromatic,7808,12,7,33,1,0.0269,0.017279193073414665,-0.0007,0.9516752401719548,0.025210625959572217
Bedford,203,193,flexibility,7808,12,7,33,1,-0.0372,0.0010030613305755047,-0.0027,0.8086012425416071,0.00159415104323607
Bedford,203,193,hbond_donor,7808,12,7,33,1,-0.0128,0.25702063896535887,0.0,0.9983248800299916,0.3091194171340127
Bedford,203,193,hbond_acceptor,7808,12,7,33,1,-0.0167,0.1411254075595478,-0.0038,0.7366207813378994,0.1847082540117611
Bedford,288,278,grantham_c,7808,11,4,13,1,0.1634,7.128417956525441e-48,0.0003,0.9803309609954002,3.9651824883172766e-47
Bedford,288,278,grantham_p,7808,11,4,13,1,0.2345,4.954752916916309e-98,-0.0002,0.9874174079969712,2.2048650480277575e-96
Bedford,288,278,grantham_v,7808,11,4,13,1,-0.1167,4.209168913927801e-25,0.0011,0.9192046904799547,1.560900138914893e-24
Bedford,288,278,hydropathy,7808,11,4,13,1,-0.2353,1.0619927281324558e-98,-0.0004,0.9736715121886659,9.451735280378857e-97
Bedford,288,278,charge,7808,11,4,13,1,0.0253,0.025644191103537144,-0.0002,0.9835187897599023,0.036227508066901684
Bedford,288,278,helix,7808,11,4,13,1,-0.1572,2.1956435620452153e-44,-0.0003,0.9765417789056597,1.149483982482495e-43
Bedford,288,278,sheet,7808,11,4,13,1,-0.1735,8.191189606418898e-54,-0.0003,0.9805711665333061,5.607814422856015e-53
Bedford,288,278,turn,7808,11,4,13,1,0.1965,8.745463012908318e-69,0.0003,0.9760700422279459,1.5566924162976808e-67
Bedford,288,278,aromatic,7808,11,4,13,0,,,,,
Bedford,288,278,flexibility,7808,11,4,13,1,0.0148,0.19095401133675954,0.0002,0.9824434353327047,0.23604037512460554
Bedford,288,278,hbond_donor,7808,11,4,13,1,0.1994,8.247165195830947e-71,-0.0003,0.9805968594939571,1.8349942560723858e-69
Bedford,288,278,hbond_acceptor,7808,11,4,13,1,0.1562,7.431127301095193e-44,0.0003,0.9787867781985438,3.674279609985957e-43
