dataset,position_mature,position_col,boot_freq,wilson_lo,wilson_hi,ac_lo,ac_hi,adj_effect,eff_ci_lo,eff_ci_hi,abs_effect,tier,quadrant
vhid_HA1,144,144,0.505,0.4363,0.5735,0.4363,0.5735,-0.0113,-0.0129,-0.0096,0.0113,moderate,unstable_small_effect
vhid_HA1,156,156,1.0,0.9812,1.0,0.9773,1.0038,-0.0134,-0.017,-0.0098,0.0134,high,hitchhiker
vhid_HA1,158,158,0.95,0.9104,0.9726,0.9093,0.9737,-0.0166,-0.0189,-0.0142,0.0166,high,driver
vhid_HA1,189,189,1.0,0.9812,1.0,0.9773,1.0038,-0.034,-0.0358,-0.032,0.034,high,driver
vhid_HA1,289,289,0.955,0.9167,0.9761,0.9155,0.9773,0.0239,0.0166,0.0311,0.0239,high,driver
H3N2,11,11,1.0,0.9812,1.0,0.9773,1.0038,-0.0091,-0.0113,-0.0068,0.0091,high,driver
H3N2,133,143,1.0,0.9812,1.0,0.9773,1.0038,-0.0112,-0.0149,-0.0074,0.0112,high,driver
H3N2,157,167,1.0,0.9812,1.0,0.9773,1.0038,-0.0021,-0.003,-0.001,0.0021,high,hitchhiker
H3N2,158,168,1.0,0.9812,1.0,0.9773,1.0038,-0.0068,-0.0087,-0.0049,0.0068,high,hitchhiker
H3N2,189,199,1.0,0.9812,1.0,0.9773,1.0038,-0.0142,-0.0158,-0.0127,0.0142,high,driver
H3N2,190,200,0.65,0.5816,0.7127,0.5816,0.7128,-0.0062,-0.0076,-0.0049,0.0062,moderate,unstable_small_effect
H3N2,193,203,0.995,0.9722,0.9991,0.9694,1.002,-0.0022,-0.0029,-0.0015,0.0022,high,hitchhiker
H3N2,278,288,0.815,0.7554,0.8627,0.7551,0.863,-0.0096,-0.0109,-0.0083,0.0096,moderate,unstable_large_effect
